{
  "timestamp": "2025-07-23T06:43:23.302857",
  "memory_type": "dict",
  "iterations": 20,
  "benchmarks": {
    "save": {
      "operation": "save",
      "iterations": 20,
      "value_size": 100,
      "execution_times": [
        7.081031799316406e-05,
        2.86102294921875e-05,
        0.00014662742614746094,
        2.4557113647460938e-05,
        2.3126602172851562e-05,
        1.7881393432617188e-05,
        1.5735626220703125e-05,
        1.4543533325195312e-05,
        1.5020370483398438e-05,
        1.5020370483398438e-05,
        1.4781951904296875e-05,
        1.5974044799804688e-05,
        1.52587890625e-05,
        1.5020370483398438e-05,
        1.6927719116210938e-05,
        1.4066696166992188e-05,
        1.3828277587890625e-05,
        1.4066696166992188e-05,
        1.4066696166992188e-05,
        1.430511474609375e-05
      ],
      "avg_time": 2.6011466979980467e-05,
      "min_time": 1.3828277587890625e-05,
      "max_time": 0.00014662742614746094,
      "std_dev": 3.1099536946523954e-05,
      "ops_per_second": 38444.582951420714
    },
    "load": {
      "operation": "load",
      "iterations": 20,
      "value_size": 100,
      "execution_times": [
        2.2411346435546875e-05,
        1.621246337890625e-05,
        3.457069396972656e-05,
        1.8596649169921875e-05,
        1.52587890625e-05,
        1.4543533325195312e-05,
        1.6927719116210938e-05,
        1.3589859008789062e-05,
        1.3828277587890625e-05,
        1.3828277587890625e-05,
        1.33514404296875e-05,
        1.3589859008789062e-05,
        1.3589859008789062e-05,
        1.33514404296875e-05,
        1.33514404296875e-05,
        1.3589859008789062e-05,
        1.33514404296875e-05,
        1.4781951904296875e-05,
        1.9311904907226562e-05,
        1.621246337890625e-05
      ],
      "avg_time": 1.621246337890625e-05,
      "min_time": 1.33514404296875e-05,
      "max_time": 3.457069396972656e-05,
      "std_dev": 4.966292406596279e-06,
      "ops_per_second": 61680.94117647059
    },
    "delete": {
      "operation": "delete",
      "iterations": 20,
      "execution_times": [
        2.193450927734375e-05,
        1.7404556274414062e-05,
        1.52587890625e-05,
        1.7404556274414062e-05,
        1.52587890625e-05,
        1.430511474609375e-05,
        1.3589859008789062e-05,
        1.5735626220703125e-05,
        1.33514404296875e-05,
        1.430511474609375e-05,
        1.4066696166992188e-05,
        1.3828277587890625e-05,
        1.3828277587890625e-05,
        1.621246337890625e-05,
        1.3828277587890625e-05,
        1.33514404296875e-05,
        3.0994415283203125e-05,
        1.430511474609375e-05,
        1.4066696166992188e-05,
        1.3828277587890625e-05
      ],
      "avg_time": 1.584291458129883e-05,
      "min_time": 1.33514404296875e-05,
      "max_time": 3.0994415283203125e-05,
      "std_dev": 4.100795912770174e-06,
      "ops_per_second": 63119.69902182092
    },
    "list_keys": {
      "operation": "list_keys",
      "num_keys": 100,
      "iterations": 10,
      "execution_times": [
        2.6941299438476562e-05,
        2.002716064453125e-05,
        1.7642974853515625e-05,
        1.6450881958007812e-05,
        1.6689300537109375e-05,
        1.8835067749023438e-05,
        1.621246337890625e-05,
        1.5497207641601562e-05,
        1.7642974853515625e-05,
        1.8358230590820312e-05
      ],
      "avg_time": 1.842975616455078e-05,
      "min_time": 1.5497207641601562e-05,
      "max_time": 2.6941299438476562e-05,
      "std_dev": 3.280698944512061e-06,
      "ops_per_second": 54260.07761966365
    }
  }
}